City,Venue,Existing Customer / Tenant,Sensors,Sensor Types
"New York / New Jersey","MetLife Stadium","Nypd Ct",31,"AA Cloud / RF-560 / RF-360 / Camera / RF-160 / RF-310"
"New York / New Jersey","MetLife Stadium","Con Edison",17,"AA Cloud / EchoShield Radar / Camera / RF-360 / RF-160 / AeroScope"
"New York / New Jersey","MetLife Stadium","Njdoc",17,"RF-360 / RF-160 / Camera"
"New York / New Jersey","MetLife Stadium","Metlife",13,"RF-360 / RF-160 / AA Cloud / Camera"
"New York / New Jersey","MetLife Stadium","Ne C02",13,"RF-360 / Camera / RF-560 / RF-160"
"New York / New Jersey","MetLife Stadium","Yourmachine",11,"RF-360 / RF-160 / AA Cloud / Camera"
"New York / New Jersey","MetLife Stadium","Hudsonyards",11,"Camera / AA Cloud / RF-560"
"New York / New Jersey","MetLife Stadium","Coned",11,"RF-310 / AeroScope / EchoShield Radar / Camera"
"New York / New Jersey","MetLife Stadium","Njtpdtrailer2",9,"RF-310 / RF-560 / Camera"
"New York / New Jersey","MetLife Stadium","Nyc Oti Trailer 2",8,"EchoShield Radar / RF-560 / Camera"
"New York / New Jersey","MetLife Stadium","Yankees",8,"Camera / RF-360 / AeroScope / RF-160"
"New York / New Jersey","MetLife Stadium","Njtpdtrailer1",8,"RF-560 / RF-310"
"New York / New Jersey","MetLife Stadium","Ne C01",8,"RF-560 / RF-360 / Camera / RF-160"
"New York / New Jersey","MetLife Stadium","Nassaucounty",8,"AA Cloud / Link / RF-560 / RF-360"
"New York / New Jersey","MetLife Stadium","Flight3100 Poc",7,"RF-360 / RF-160 / RF-560"
"New York / New Jersey","MetLife Stadium","Mta",7,"RF-560 / AA Cloud"
"New York / New Jersey","MetLife Stadium","National Grid Greenpoint",6,"RF-360 / RF-160 / Camera"
"New York / New Jersey","MetLife Stadium","Union County",6,"RF-360"
"New York / New Jersey","MetLife Stadium","Morris County",6,"RF-560 / Camera"
"New York / New Jersey","MetLife Stadium","Fairfield PD",6,"Camera / RF-560 / RF-310"
"New York / New Jersey","MetLife Stadium","Hudson County",4,"RF-360 / RF-160"
"New York / New Jersey","MetLife Stadium","Nysba",4,"RF-360 / RF-160"
"New York / New Jersey","MetLife Stadium","Nysdoccs Poc",4,"RF-560 / RF-360"
"New York / New Jersey","MetLife Stadium","Sentinel",2,"RF-160"
"New York / New Jersey","MetLife Stadium","Jpmc1",2,"RF-560"
"New York / New Jersey","MetLife Stadium","Bapsnj",2,"RF-560"
"New York / New Jersey","MetLife Stadium","Hw Dev",1,"WiFi"
"Los Angeles","SoFi Stadium","Ocprobation",19,"RF-360 / RF-560 / RF-160 / Camera"
"Los Angeles","SoFi Stadium","Ontariointl",18,"RF-360 / RF-160"
"Los Angeles","SoFi Stadium","Sofi",16,"AA Cloud / RF-360 / RF-560 / RF-160 / Camera"
"Los Angeles","SoFi Stadium","Sce",14,"RF-360 / Camera / RF-160"
"Los Angeles","SoFi Stadium","Disney",8,"AA Cloud / RF-560"
"Los Angeles","SoFi Stadium","Church Of Scientology Ca",8,"RF-360 / RF-160"
"Los Angeles","SoFi Stadium","Cordelldrive",5,"RF-360 / Camera / RF-560"
"Los Angeles","SoFi Stadium","Cacuastaskforce",4,"AA Cloud"
"Los Angeles","SoFi Stadium","Dodgers",3,"AA Cloud / Camera / WiFi"
"Los Angeles","SoFi Stadium","Splash9",2,"RF-560"
"Dallas","AT&T Stadium","B PD",10,"RF-310 / RF-560 / Camera"
"Dallas","AT&T Stadium","Lewisville PD",7,"RF-560 / Camera / RF-310"
"Dallas","AT&T Stadium","B PD Beyond",2,"ADS-B / Camera"
"Dallas","AT&T Stadium","Lewisville PD Dfr",2,"ADS-B / Camera"
"San Francisco Bay Area","Levis Stadium","Tesla Fremont",24,"RF-360 / RF-160"
"San Francisco Bay Area","Levis Stadium","Sanfran49ers",23,"AA Cloud / RF-360 / RF-560 / RF-160 / Camera"
"San Francisco Bay Area","Levis Stadium","Dalycity PD",16,"RF-560 / Camera / RF-310"
"San Francisco Bay Area","Levis Stadium","Tesla Kato",10,"RF-160 / RF-360 / RF-560"
"San Francisco Bay Area","Levis Stadium","Tesla Nobel",10,"RF-360 / RF-560 / RF-160"
"San Francisco Bay Area","Levis Stadium","Meta",8,"RF-360 / RF-160"
"San Francisco Bay Area","Levis Stadium","Smysc",6,"RF-360 / RF-160"
"San Francisco Bay Area","Levis Stadium","Cacuastaskforce",5,"RF-560 / AA Cloud"
"San Francisco Bay Area","Levis Stadium","Teslapaloalto",4,"RF-360 / RF-160"
"San Francisco Bay Area","Levis Stadium","Google Events",2,"RF-360"
"San Francisco Bay Area","Levis Stadium","Demo Charlie",2,"RF-560"
"San Francisco Bay Area","Levis Stadium","Cuaswest",1,"Simulator"
"Miami","Hard Rock Stadium","Tsa Hq",10,"RF-360 / RF-160"
"Miami","Hard Rock Stadium","Delraybeach PD",10,"RF-310 / RF-560 / Camera"
"Miami","Hard Rock Stadium","Dolphins",8,"RF-360 / RF-160 / AA Cloud / Camera"
"Miami","Hard Rock Stadium","Sunnyisles PD",4,"RF-560"
"Miami","Hard Rock Stadium","Demo Alpha",2,"RF-560"
"Atlanta","Mercedes-Benz Stadium","Braves",16,"RF-360 / RF-160 / Camera / RF-560 / AA Cloud"
"Atlanta","Mercedes-Benz Stadium","Mercedes Benz Stadium",14,"Camera / RF-360 / AA Cloud / RF-160"
"Atlanta","Mercedes-Benz Stadium","Ccso",12,"AA Cloud / EchoShield Radar / Camera / RF-310 / AeroScope"
"Atlanta","Mercedes-Benz Stadium","Emory",10,"RF-360 / RF-160"
"Atlanta","Mercedes-Benz Stadium","Atlanta 560",6,"RF-560"
"Atlanta","Mercedes-Benz Stadium","Geogroup",5,"RF-360 / Camera / RF-560"
"Atlanta","Mercedes-Benz Stadium","Sunrise Fl",2,"RF-560"
"Atlanta","Mercedes-Benz Stadium","Sedemo",1,"AA Cloud"
"Atlanta","Mercedes-Benz Stadium","Epd In",1,"RF-560"
"Atlanta","Mercedes-Benz Stadium","Knoxcso",1,"RF-560"
Houston,NRG Stadium,-,0,-
"Philadelphia","Lincoln Financial Field","Njsp",12,"RF-560 / EchoShield Radar / RF-310 / Camera"
"Philadelphia","Lincoln Financial Field","Wilmington PD",6,"RF-560 / RF-310"
"Philadelphia","Lincoln Financial Field","Comcast",2,"RF-160"
"Philadelphia","Lincoln Financial Field","Nosdd",2,"RF-560"
"Philadelphia","Lincoln Financial Field","Bapsnj",2,"RF-560"
"Seattle","Lumen Field","Seahawks",13,"RF-360 / RF-160 / AA Cloud / Camera"
"Seattle","Lumen Field","Amazonhq",10,"RF-360 / RF-160"
"Seattle","Lumen Field","Kemperdc",2,"RF-560"
"Seattle","Lumen Field","Seattle",1,"Link"
"Kansas City","Arrowhead Stadium","Qascade Arrowhead",17,"RF-560 / RF-160 / AA Cloud / Camera / RF-360"
"Kansas City","Arrowhead Stadium","Arrowhead Kc",17,"RF-160 / Camera / AA Cloud / RF-560 / RF-360"
"Kansas City","Arrowhead Stadium","Opkansas",7,"RF-560 / Camera / RF-310"
"Kansas City","Arrowhead Stadium","Training",5,"Radio / Prototype Radar"
"Boston","Gillette Stadium","Gillette Stadium",13,"AA Cloud / Camera / RF-560 / RF-360 / RF-160"
"Boston","Gillette Stadium","National Grid",4,"RF-360"
"Boston","Gillette Stadium","Redsox",2,"RF-560"
Vancouver,BC Place,-,0,-
"Toronto","BMO Field","Gtaa",27,"RF-160 / Camera / RF-360 / AeroScope"
"Toronto","BMO Field","Cbpbuffalo",5,"AA Cloud / RF-560"
Mexico City,Estadio Azteca,-,0,-
Guadalajara,Estadio Akron,-,0,-
Monterrey,Estadio BBVA,-,0,-
